codeValue,description,namespace,shortDescription
Composite Rating,TELPAS composite proficiency rating,uri://tea.texas.gov/AssessmentReportingMethodDescriptor,Composite Rating
Composite Score,TELPAS composite score,uri://tea.texas.gov/AssessmentReportingMethodDescriptor,Composite Score
Proficiency Rating,TELPAS domain proficiency rating,uri://tea.texas.gov/AssessmentReportingMethodDescriptor,Proficiency Rating
Yearly Progress Indicator,Number of composite rating levels gained since the previous year,uri://tea.texas.gov/AssessmentReportingMethodDescriptor,Yearly Progress Indicator
Administration Code,Administration code from the TEA file (MMYY),uri://tea.texas.gov/AssessmentReportingMethodDescriptor,Administration Code
Enrolled Grade,Enrolled grade level code,uri://tea.texas.gov/AssessmentReportingMethodDescriptor,Enrolled Grade
Tested Grade,Tested grade level code,uri://tea.texas.gov/AssessmentReportingMethodDescriptor,Tested Grade
Rater Info-A,Rater's role relative to the student,uri://tea.texas.gov/AssessmentReportingMethodDescriptor,Rater Info-A
Rater Info-B,Whether the rater collaborated to determine the rating,uri://tea.texas.gov/AssessmentReportingMethodDescriptor,Rater Info-B
Score Code,Score Code,uri://tea.texas.gov/AssessmentReportingMethodDescriptor,Score Code
Raw Score,Raw Score,uri://tea.texas.gov/AssessmentReportingMethodDescriptor,Raw Score
Scale Score,Scale Score,uri://tea.texas.gov/AssessmentReportingMethodDescriptor,Scale Score
Holistic Rating Test Administration,Whether the domain was holistically rated,uri://tea.texas.gov/AssessmentReportingMethodDescriptor,Holistic Rating Test Administration
Paper Test Administration,Whether the reading test was a transcribed paper test,uri://tea.texas.gov/AssessmentReportingMethodDescriptor,Paper Test Administration
Non-Participant,Whether a test record was generated for a student who did not test,uri://tea.texas.gov/AssessmentReportingMethodDescriptor,Non-Participant
