assessmentIdentifier,telpas_grade,edfi_descriptor
telpas,0K,uri://ed-fi.org/GradeLevelDescriptor#Kindergarten
telpas,01,uri://ed-fi.org/GradeLevelDescriptor#First grade
telpas,02,uri://ed-fi.org/GradeLevelDescriptor#Second grade
telpas,03,uri://ed-fi.org/GradeLevelDescriptor#Third grade
telpas,04,uri://ed-fi.org/GradeLevelDescriptor#Fourth grade
telpas,05,uri://ed-fi.org/GradeLevelDescriptor#Fifth grade
telpas,06,uri://ed-fi.org/GradeLevelDescriptor#Sixth grade
telpas,07,uri://ed-fi.org/GradeLevelDescriptor#Seventh grade
telpas,08,uri://ed-fi.org/GradeLevelDescriptor#Eighth grade
telpas,09,uri://ed-fi.org/GradeLevelDescriptor#Ninth grade
telpas,10,uri://ed-fi.org/GradeLevelDescriptor#Tenth grade
telpas,11,uri://ed-fi.org/GradeLevelDescriptor#Eleventh grade
telpas,12,uri://ed-fi.org/GradeLevelDescriptor#Twelfth grade
telpas_alt,02,uri://ed-fi.org/GradeLevelDescriptor#Second grade
telpas_alt,03,uri://ed-fi.org/GradeLevelDescriptor#Third grade
telpas_alt,04,uri://ed-fi.org/GradeLevelDescriptor#Fourth grade
telpas_alt,05,uri://ed-fi.org/GradeLevelDescriptor#Fifth grade
telpas_alt,06,uri://ed-fi.org/GradeLevelDescriptor#Sixth grade
telpas_alt,07,uri://ed-fi.org/GradeLevelDescriptor#Seventh grade
telpas_alt,08,uri://ed-fi.org/GradeLevelDescriptor#Eighth grade
telpas_alt,09,uri://ed-fi.org/GradeLevelDescriptor#Ninth grade
telpas_alt,10,uri://ed-fi.org/GradeLevelDescriptor#Tenth grade
telpas_alt,11,uri://ed-fi.org/GradeLevelDescriptor#Eleventh grade
telpas_alt,12,uri://ed-fi.org/GradeLevelDescriptor#Twelfth grade
