assessmentIdentifier,identificationCode,parentIdentificationCode,description
telpas,Listening,,Listening
telpas,Speaking,,Speaking
telpas,Reading,,Reading
telpas,Writing,,Writing
telpas,Listening Reporting Category 1,Listening,Listening Reporting Category 1
telpas,Listening Reporting Category 2,Listening,Listening Reporting Category 2
telpas,Listening Reporting Category 3,Listening,Listening Reporting Category 3
telpas,Speaking Reporting Category 1,Speaking,Speaking Reporting Category 1
telpas,Speaking Reporting Category 2,Speaking,Speaking Reporting Category 2
telpas,Reading Reporting Category 1,Reading,Reading Reporting Category 1
telpas,Reading Reporting Category 2,Reading,Reading Reporting Category 2
telpas,Reading Reporting Category 3,Reading,Reading Reporting Category 3
telpas,Writing Reporting Category 1,Writing,Writing Reporting Category 1
telpas,Writing Reporting Category 2,Writing,Writing Reporting Category 2
telpas_alt,Listening,,Listening
telpas_alt,Speaking,,Speaking
telpas_alt,Reading,,Reading
telpas_alt,Writing,,Writing
telpas_alt,Listening Reporting Category 1,Listening,Listening Reporting Category 1
telpas_alt,Listening Reporting Category 2,Listening,Listening Reporting Category 2
telpas_alt,Speaking Reporting Category 1,Speaking,Speaking Reporting Category 1
telpas_alt,Speaking Reporting Category 2,Speaking,Speaking Reporting Category 2
telpas_alt,Reading Reporting Category 1,Reading,Reading Reporting Category 1
telpas_alt,Reading Reporting Category 2,Reading,Reading Reporting Category 2
telpas_alt,Reading Reporting Category 3,Reading,Reading Reporting Category 3
telpas_alt,Writing Reporting Category 1,Writing,Writing Reporting Category 1
telpas_alt,Writing Reporting Category 2,Writing,Writing Reporting Category 2
