start_index,end_index,field_length,field_name
0,4,4,administration_date
4,6,2,grade_level_code
6,8,2,esc_region_number
8,17,9,county_district_campus_number
17,32,15,district_name
32,47,15,campus_name
47,62,15,last_name
62,72,10,first_name
72,73,1,middle_initial
73,82,9,peims_id
82,83,1,sex_code
83,91,8,date_of_birth
144,153,9,local_student_id
190,200,10,tx_unique_student_id
200,201,1,rater_info_a
210,211,1,rater_info_b
220,221,1,listening_speaking_designated_supports
221,222,1,listening_speaking_extra_day
240,241,1,reading_writing_designated_supports
241,242,1,large_print_reading_writing
242,243,1,reading_writing_extra_day
243,244,1,reading_braille_language
244,245,1,writing_speech_to_text
260,261,1,listening_score_code
262,263,1,listening_proficiency_rating
263,265,2,listening_tested_grade
270,271,1,speaking_score_code
272,273,1,speaking_proficiency_rating
273,275,2,speaking_tested_grade
280,281,1,reading_score_code
282,283,1,reading_proficiency_rating
283,285,2,reading_tested_grade
290,291,1,writing_score_code
292,293,1,writing_proficiency_rating
293,295,2,writing_tested_grade
300,302,2,listening_reporting_category_1_raw_score
302,304,2,listening_reporting_category_2_raw_score
304,306,2,listening_reporting_category_3_raw_score
306,308,2,listening_raw_score
308,312,4,listening_scale_score
312,313,1,listening_holistic_rating_test_administration
430,432,2,writing_reporting_category_1_raw_score
432,434,2,writing_reporting_category_2_raw_score
434,436,2,writing_raw_score
436,440,4,writing_scale_score
440,441,1,writing_holistic_rating_test_administration
500,502,2,speaking_reporting_category_1_raw_score
502,504,2,speaking_reporting_category_2_raw_score
504,506,2,speaking_raw_score
506,510,4,speaking_scale_score
510,511,1,speaking_holistic_rating_test_administration
700,702,2,reading_reporting_category_1_raw_score
702,704,2,reading_reporting_category_2_raw_score
704,706,2,reading_reporting_category_3_raw_score
706,708,2,reading_raw_score
708,712,4,reading_scale_score
712,713,1,reading_paper_test_administration
900,901,1,yearly_progress_indicator
904,907,3,composite_score
907,908,1,composite_rating
1135,1171,36,opportunity_key
1171,1180,9,test_result_id
1180,1181,1,listening_non_participant
1180,1181,1,speaking_non_participant
1181,1182,1,reading_non_participant
1181,1182,1,writing_non_participant
