start_index,end_index,column_name
0,30,Order_Number
30,38,Test
38,68,State_Name
68,98,Region_Name
98,113,Region_Code
113,143,System_Name
143,158,System_Code
158,188,District_Name
188,203,District_Code
203,233,Building_Name
233,248,Building_Code
248,278,Class_Name
278,293,Class_Code
293,295,Class_Grade
295,303,Date_Tested
303,323,Student_Last_Name
323,343,Student_First_Name
343,363,Student_NameMiddle_Initial
363,403,GUID
403,414,Student_ID
414,434,Secondary_Student_ID
434,435,Gender
435,443,Date_of_Birth
443,447,Age_in_Months
447,451,Age_in_Years_Months
451,465,Ethnicity_String
465,466,Filler0
466,467,Battery
467,469,Level
469,470,Form
470,472,Norm_Year
472,479,Quartermonth
479,480,Semester
480,481,Home_Reporting
481,502,Programs_String
502,505,Other_Info_Field_1_Value
505,508,Other_Info_Field_2_Value
508,511,Other_Info_Field_3_Value
511,514,Other_Info_Field_4_Value
514,515,Filler1
515,516,Office_Use_Subtest_Exclusion__reading
516,517,Office_Use_Subtest_Exclusion__vocabulary
517,518,Office_Use_Subtest_Exclusion__spelling
518,519,Office_Use_Subtest_Exclusion__capitalization
519,520,Office_Use_Subtest_Exclusion__punctuation
520,521,Office_Use_Subtest_Exclusion__language_written_expression
521,522,Office_Use_Subtest_Exclusion__conventions_of_writing
522,523,Office_Use_Subtest_Exclusion__ela_total
523,524,Office_Use_Subtest_Exclusion__word_analysis
524,525,Office_Use_Subtest_Exclusion__listening
525,526,Office_Use_Subtest_Exclusion__extended_ela_total
526,527,Office_Use_Subtest_Exclusion__math
527,528,Office_Use_Subtest_Exclusion__computation
528,529,Office_Use_Subtest_Exclusion__math_total
529,530,Office_Use_Subtest_Exclusion__core_composite
530,531,Office_Use_Subtest_Exclusion__core_composite_extended_ela
531,532,Office_Use_Subtest_Exclusion__core_composite_no_comp
532,533,Office_Use_Subtest_Exclusion__core_composite_extended_ela_no_comp
533,534,Office_Use_Subtest_Exclusion__social_studies
534,535,Office_Use_Subtest_Exclusion__science
535,536,Office_Use_Subtest_Exclusion__complete_composite
536,537,Office_Use_Subtest_Exclusion__complete_composite_extended_ela
537,538,Office_Use_Subtest_Exclusion__complete_composite_no_comp
538,539,Office_Use_Subtest_Exclusion__complete_composite_extended_ela_no_comp
539,540,Office_Use_Subtest_Exclusion__reading_words
540,541,Office_Use_Subtest_Exclusion__reading_comprehension
541,542,Office_Use_Subtest_Exclusion__reading_total
542,543,Office_Use_Subtest_Exclusion__language_total
545,546,Filler2
546,547,Office_Use_Only_Z_Value
547,567,Code_Character_String_A_T
567,577,Filler3
577,578,Test_Administrator_Use_A_Value
578,588,Filler4
588,589,Test_Administrator_Use_B_Value
589,599,Filler5
599,600,Test_Administrator_Use_C_Value
600,610,Filler6
610,611,Test_Administrator_Use_D_Value
611,621,Filler7
621,622,Test_Administrator_Use_E_Value
622,632,Filler8
632,633,Test_Administrator_Use_F_Value
633,635,Test_Administrator_Use_G_Value
635,637,Test_Administrator_Use_H_Value
637,639,Test_Administrator_Use_I_Value
639,641,Test_Administrator_Use_J_Value
641,643,Test_Administrator_Use_K_Value
643,645,Test_Administrator_Use_L_Value
645,647,Test_Administrator_Use_M_Value
647,657,Filler9
657,658,Test_Administrator_Use_N_Value
658,668,Filler10
668,669,Test_Administrator_Use_O_Value
669,679,Filler11
679,680,Test_Administrator_Use_P_Value
680,690,Filler12
690,691,Test_Administrator_Use_Q_Value
691,701,Filler13
701,702,Test_Administrator_Use_R_Value
702,712,Filler14
712,713,Test_Administrator_Use_S_Value
713,753,Filler15
753,755,Number_Attempted_NA__reading
755,757,Number_Attempted_NA__vocabulary
757,759,Number_Attempted_NA__spelling
759,761,Number_Attempted_NA__capitalization
761,763,Number_Attempted_NA__punctuation
763,765,Number_Attempted_NA__language_written_expression
765,767,Number_Attempted_NA__conventions_of_writing
767,769,Number_Attempted_NA__ela_total
769,771,Number_Attempted_NA__word_analysis
771,773,Number_Attempted_NA__listening
773,775,Number_Attempted_NA__extended_ela_total
775,777,Number_Attempted_NA__math
777,779,Number_Attempted_NA__computation
779,781,Number_Attempted_NA__math_total
781,783,Number_Attempted_NA__core_composite
783,785,Number_Attempted_NA__core_composite_extended_ela
785,787,Number_Attempted_NA__core_composite_no_comp
787,789,Number_Attempted_NA__core_composite_extended_ela_no_comp
789,791,Number_Attempted_NA__social_studies
791,793,Number_Attempted_NA__science
793,795,Number_Attempted_NA__complete_composite
795,797,Number_Attempted_NA__complete_composite_extended_ela
797,799,Number_Attempted_NA__complete_composite_no_comp
799,801,Number_Attempted_NA__complete_composite_extended_ela_no_comp
801,803,Number_Attempted_NA__reading_words
803,805,Number_Attempted_NA__reading_comprehension
805,807,Number_Attempted_NA__reading_total
807,809,Number_Attempted_NA__language_total
813,814,Completion_Criteria_CC__reading
814,815,Completion_Criteria_CC__vocabulary
815,816,Completion_Criteria_CC__spelling
816,817,Completion_Criteria_CC__capitalization
817,818,Completion_Criteria_CC__punctuation
818,819,Completion_Criteria_CC__language_written_expression
819,820,Completion_Criteria_CC__conventions_of_writing
820,821,Completion_Criteria_CC__ela_total
821,822,Completion_Criteria_CC__word_analysis
822,823,Completion_Criteria_CC__listening
823,824,Completion_Criteria_CC__extended_ela_total
824,825,Completion_Criteria_CC__math
825,826,Completion_Criteria_CC__computation
826,827,Completion_Criteria_CC__math_total
827,828,Completion_Criteria_CC__core_composite
828,829,Completion_Criteria_CC__core_composite_extended_ela
829,830,Completion_Criteria_CC__core_composite_no_comp
830,831,Completion_Criteria_CC__core_composite_extended_ela_no_comp
831,832,Completion_Criteria_CC__social_studies
832,833,Completion_Criteria_CC__science
833,834,Completion_Criteria_CC__complete_composite
834,835,Completion_Criteria_CC__complete_composite_extended_ela
835,836,Completion_Criteria_CC__complete_composite_no_comp
836,837,Completion_Criteria_CC__complete_composite_extended_ela_no_comp
837,838,Completion_Criteria_CC__reading_words
838,839,Completion_Criteria_CC__reading_comprehension
839,840,Completion_Criteria_CC__reading_total
840,841,Completion_Criteria_CC__language_total
843,845,Raw_Score_RS__reading
845,847,Raw_Score_RS__vocabulary
847,849,Raw_Score_RS__spelling
849,851,Raw_Score_RS__capitalization
851,853,Raw_Score_RS__punctuation
853,855,Raw_Score_RS__language_written_expression
855,857,Raw_Score_RS__conventions_of_writing
857,859,Raw_Score_RS__ela_total
859,861,Raw_Score_RS__word_analysis
861,863,Raw_Score_RS__listening
863,865,Raw_Score_RS__extended_ela_total
865,867,Raw_Score_RS__math
867,869,Raw_Score_RS__computation
869,871,Raw_Score_RS__math_total
871,873,Raw_Score_RS__core_composite
873,875,Raw_Score_RS__core_composite_extended_ela
875,877,Raw_Score_RS__core_composite_no_comp
877,879,Raw_Score_RS__core_composite_extended_ela_no_comp
879,881,Raw_Score_RS__social_studies
881,883,Raw_Score_RS__science
883,885,Raw_Score_RS__complete_composite
885,887,Raw_Score_RS__complete_composite_extended_ela
887,889,Raw_Score_RS__complete_composite_no_comp
889,891,Raw_Score_RS__complete_composite_extended_ela_no_comp
891,893,Raw_Score_RS__reading_words
893,895,Raw_Score_RS__reading_comprehension
895,897,Raw_Score_RS__reading_total
897,899,Raw_Score_RS__language_total
903,906,Standard_Score_SS__reading
906,909,Standard_Score_SS__vocabulary
909,912,Standard_Score_SS__spelling
912,915,Standard_Score_SS__capitalization
915,918,Standard_Score_SS__punctuation
918,921,Standard_Score_SS__language_written_expression
921,924,Standard_Score_SS__conventions_of_writing
924,927,Standard_Score_SS__ela_total
927,930,Standard_Score_SS__word_analysis
930,933,Standard_Score_SS__listening
933,936,Standard_Score_SS__extended_ela_total
936,939,Standard_Score_SS__math
939,942,Standard_Score_SS__computation
942,945,Standard_Score_SS__math_total
945,948,Standard_Score_SS__core_composite
948,951,Standard_Score_SS__core_composite_extended_ela
951,954,Standard_Score_SS__core_composite_no_comp
954,957,Standard_Score_SS__core_composite_extended_ela_no_comp
957,960,Standard_Score_SS__social_studies
960,963,Standard_Score_SS__science
963,966,Standard_Score_SS__complete_composite
966,969,Standard_Score_SS__complete_composite_extended_ela
969,972,Standard_Score_SS__complete_composite_no_comp
972,975,Standard_Score_SS__complete_composite_extended_ela_no_comp
975,978,Standard_Score_SS__reading_words
978,981,Standard_Score_SS__reading_comprehension
981,984,Standard_Score_SS__reading_total
984,987,Standard_Score_SS__language_total
993,997,Grade_Equivalent_GE__reading
997,1001,Grade_Equivalent_GE__vocabulary
1001,1005,Grade_Equivalent_GE__spelling
1005,1009,Grade_Equivalent_GE__capitalization
1009,1013,Grade_Equivalent_GE__punctuation
1013,1017,Grade_Equivalent_GE__language_written_expression
1017,1021,Grade_Equivalent_GE__conventions_of_writing
1021,1025,Grade_Equivalent_GE__ela_total
1025,1029,Grade_Equivalent_GE__word_analysis
1029,1033,Grade_Equivalent_GE__listening
1033,1037,Grade_Equivalent_GE__extended_ela_total
1037,1041,Grade_Equivalent_GE__math
1041,1045,Grade_Equivalent_GE__computation
1045,1049,Grade_Equivalent_GE__math_total
1049,1053,Grade_Equivalent_GE__core_composite
1053,1057,Grade_Equivalent_GE__core_composite_extended_ela
1057,1061,Grade_Equivalent_GE__core_composite_no_comp
1061,1065,Grade_Equivalent_GE__core_composite_extended_ela_no_comp
1065,1069,Grade_Equivalent_GE__social_studies
1069,1073,Grade_Equivalent_GE__science
1073,1077,Grade_Equivalent_GE__complete_composite
1077,1081,Grade_Equivalent_GE__complete_composite_extended_ela
1081,1085,Grade_Equivalent_GE__complete_composite_no_comp
1085,1089,Grade_Equivalent_GE__complete_composite_extended_ela_no_comp
1089,1093,Grade_Equivalent_GE__reading_words
1093,1097,Grade_Equivalent_GE__reading_comprehension
1097,1101,Grade_Equivalent_GE__reading_total
1101,1105,Grade_Equivalent_GE__language_total
1113,1203,Filler16
1203,1205,National_Percentile_Rank_NPR__reading
1205,1207,National_Percentile_Rank_NPR__vocabulary
1207,1209,National_Percentile_Rank_NPR__spelling
1209,1211,National_Percentile_Rank_NPR__capitalization
1211,1213,National_Percentile_Rank_NPR__punctuation
1213,1215,National_Percentile_Rank_NPR__language_written_expression
1215,1217,National_Percentile_Rank_NPR__conventions_of_writing
1217,1219,National_Percentile_Rank_NPR__ela_total
1219,1221,National_Percentile_Rank_NPR__word_analysis
1221,1223,National_Percentile_Rank_NPR__listening
1223,1225,National_Percentile_Rank_NPR__extended_ela_total
1225,1227,National_Percentile_Rank_NPR__math
1227,1229,National_Percentile_Rank_NPR__computation
1229,1231,National_Percentile_Rank_NPR__math_total
1231,1233,National_Percentile_Rank_NPR__core_composite
1233,1235,National_Percentile_Rank_NPR__core_composite_extended_ela
1235,1237,National_Percentile_Rank_NPR__core_composite_no_comp
1237,1239,National_Percentile_Rank_NPR__core_composite_extended_ela_no_comp
1239,1241,National_Percentile_Rank_NPR__social_studies
1241,1243,National_Percentile_Rank_NPR__science
1243,1245,National_Percentile_Rank_NPR__complete_composite
1245,1247,National_Percentile_Rank_NPR__complete_composite_extended_ela
1247,1249,National_Percentile_Rank_NPR__complete_composite_no_comp
1249,1251,National_Percentile_Rank_NPR__complete_composite_extended_ela_no_comp
1251,1253,National_Percentile_Rank_NPR__reading_words
1253,1255,National_Percentile_Rank_NPR__reading_comprehension
1255,1257,National_Percentile_Rank_NPR__reading_total
1257,1259,National_Percentile_Rank_NPR__language_total
1263,1323,Filler17
1323,1325,National_Curve_Equivalent_NCE__reading
1325,1327,National_Curve_Equivalent_NCE__vocabulary
1327,1329,National_Curve_Equivalent_NCE__spelling
1329,1331,National_Curve_Equivalent_NCE__capitalization
1331,1333,National_Curve_Equivalent_NCE__punctuation
1333,1335,National_Curve_Equivalent_NCE__language_written_expression
1335,1337,National_Curve_Equivalent_NCE__conventions_of_writing
1337,1339,National_Curve_Equivalent_NCE__ela_total
1339,1341,National_Curve_Equivalent_NCE__word_analysis
1341,1343,National_Curve_Equivalent_NCE__listening
1343,1345,National_Curve_Equivalent_NCE__extended_ela_total
1345,1347,National_Curve_Equivalent_NCE__math
1347,1349,National_Curve_Equivalent_NCE__computation
1349,1351,National_Curve_Equivalent_NCE__math_total
1351,1353,National_Curve_Equivalent_NCE__core_composite
1353,1355,National_Curve_Equivalent_NCE__core_composite_extended_ela
1355,1357,National_Curve_Equivalent_NCE__core_composite_no_comp
1357,1359,National_Curve_Equivalent_NCE__core_composite_extended_ela_no_comp
1359,1361,National_Curve_Equivalent_NCE__social_studies
1361,1363,National_Curve_Equivalent_NCE__science
1363,1365,National_Curve_Equivalent_NCE__complete_composite
1365,1367,National_Curve_Equivalent_NCE__complete_composite_extended_ela
1367,1369,National_Curve_Equivalent_NCE__complete_composite_no_comp
1369,1371,National_Curve_Equivalent_NCE__complete_composite_extended_ela_no_comp
1371,1373,National_Curve_Equivalent_NCE__reading_words
1373,1375,National_Curve_Equivalent_NCE__reading_comprehension
1375,1377,National_Curve_Equivalent_NCE__reading_total
1377,1379,National_Curve_Equivalent_NCE__language_total
1383,1384,National_Stanine_NS__reading
1384,1385,National_Stanine_NS__vocabulary
1385,1386,National_Stanine_NS__spelling
1386,1387,National_Stanine_NS__capitalization
1387,1388,National_Stanine_NS__punctuation
1388,1389,National_Stanine_NS__language_written_expression
1389,1390,National_Stanine_NS__conventions_of_writing
1390,1391,National_Stanine_NS__ela_total
1391,1392,National_Stanine_NS__word_analysis
1392,1393,National_Stanine_NS__listening
1393,1394,National_Stanine_NS__extended_ela_total
1394,1395,National_Stanine_NS__math
1395,1396,National_Stanine_NS__computation
1396,1397,National_Stanine_NS__math_total
1397,1398,National_Stanine_NS__core_composite
1398,1399,National_Stanine_NS__core_composite_extended_ela
1399,1400,National_Stanine_NS__core_composite_no_comp
1400,1401,National_Stanine_NS__core_composite_extended_ela_no_comp
1401,1402,National_Stanine_NS__social_studies
1402,1403,National_Stanine_NS__science
1403,1404,National_Stanine_NS__complete_composite
1404,1405,National_Stanine_NS__complete_composite_extended_ela
1405,1406,National_Stanine_NS__complete_composite_no_comp
1406,1407,National_Stanine_NS__complete_composite_extended_ela_no_comp
1407,1408,National_Stanine_NS__reading_words
1408,1409,National_Stanine_NS__reading_comprehension
1409,1410,National_Stanine_NS__reading_total
1410,1411,National_Stanine_NS__language_total
1413,1443,Filler18
1443,1444,PR_Valid_Flag__reading
1444,1445,PR_Valid_Flag__vocabulary
1445,1446,PR_Valid_Flag__spelling
1446,1447,PR_Valid_Flag__capitalization
1447,1448,PR_Valid_Flag__punctuation
1448,1449,PR_Valid_Flag__language_written_expression
1449,1450,PR_Valid_Flag__conventions_of_writing
1450,1451,PR_Valid_Flag__ela_total
1451,1452,PR_Valid_Flag__word_analysis
1452,1453,PR_Valid_Flag__listening
1453,1454,PR_Valid_Flag__extended_ela_total
1454,1455,PR_Valid_Flag__math
1455,1456,PR_Valid_Flag__computation
1456,1457,PR_Valid_Flag__math_total
1457,1458,PR_Valid_Flag__core_composite
1458,1459,PR_Valid_Flag__core_composite_extended_ela
1459,1460,PR_Valid_Flag__core_composite_no_comp
1460,1461,PR_Valid_Flag__core_composite_extended_ela_no_comp
1461,1462,PR_Valid_Flag__social_studies
1462,1463,PR_Valid_Flag__science
1463,1464,PR_Valid_Flag__complete_composite
1464,1465,PR_Valid_Flag__complete_composite_extended_ela
1465,1466,PR_Valid_Flag__complete_composite_no_comp
1466,1467,PR_Valid_Flag__complete_composite_extended_ela_no_comp
1467,1468,PR_Valid_Flag__reading_words
1468,1469,PR_Valid_Flag__reading_comprehension
1469,1470,PR_Valid_Flag__reading_total
1470,1471,PR_Valid_Flag__language_total
1473,1503,Filler19
1503,1533,Filler20
1533,1563,Filler21
1563,1593,Filler22
1593,1603,Filler23
1603,1606,Predicted_Standard_Score_PSS__reading
1606,1609,Predicted_Standard_Score_PSS__vocabulary
1609,1612,Predicted_Standard_Score_PSS__spelling
1612,1615,Predicted_Standard_Score_PSS__capitalization
1615,1618,Predicted_Standard_Score_PSS__punctuation
1618,1621,Predicted_Standard_Score_PSS__language_written_expression
1621,1624,Predicted_Standard_Score_PSS__conventions_of_writing
1624,1627,Predicted_Standard_Score_PSS__ela_total
1627,1630,Predicted_Standard_Score_PSS__word_analysis
1630,1633,Predicted_Standard_Score_PSS__listening
1633,1636,Predicted_Standard_Score_PSS__extended_ela_total
1636,1639,Predicted_Standard_Score_PSS__math
1639,1642,Predicted_Standard_Score_PSS__computation
1642,1645,Predicted_Standard_Score_PSS__math_total
1645,1648,Predicted_Standard_Score_PSS__core_composite
1648,1651,Predicted_Standard_Score_PSS__core_composite_extended_ela
1651,1654,Predicted_Standard_Score_PSS__core_composite_no_comp
1654,1657,Predicted_Standard_Score_PSS__core_composite_extended_ela_no_comp
1657,1660,Predicted_Standard_Score_PSS__social_studies
1660,1663,Predicted_Standard_Score_PSS__science
1663,1666,Predicted_Standard_Score_PSS__complete_composite
1666,1669,Predicted_Standard_Score_PSS__complete_composite_extended_ela
1669,1672,Predicted_Standard_Score_PSS__complete_composite_no_comp
1672,1675,Predicted_Standard_Score_PSS__complete_composite_extended_ela_no_comp
1675,1678,Predicted_Standard_Score_PSS__reading_words
1678,1681,Predicted_Standard_Score_PSS__reading_comprehension
1681,1684,Predicted_Standard_Score_PSS__reading_total
1684,1687,Predicted_Standard_Score_PSS__language_total
1693,1697,Predicted_Grade_Equivalent_PGE__reading
1697,1701,Predicted_Grade_Equivalent_PGE__vocabulary
1701,1705,Predicted_Grade_Equivalent_PGE__spelling
1705,1709,Predicted_Grade_Equivalent_PGE__capitalization
1709,1713,Predicted_Grade_Equivalent_PGE__punctuation
1713,1717,Predicted_Grade_Equivalent_PGE__language_written_expression
1717,1721,Predicted_Grade_Equivalent_PGE__conventions_of_writing
1721,1725,Predicted_Grade_Equivalent_PGE__ela_total
1725,1729,Predicted_Grade_Equivalent_PGE__word_analysis
1729,1733,Predicted_Grade_Equivalent_PGE__listening
1733,1737,Predicted_Grade_Equivalent_PGE__extended_ela_total
1737,1741,Predicted_Grade_Equivalent_PGE__math
1741,1745,Predicted_Grade_Equivalent_PGE__computation
1745,1749,Predicted_Grade_Equivalent_PGE__math_total
1749,1753,Predicted_Grade_Equivalent_PGE__core_composite
1753,1757,Predicted_Grade_Equivalent_PGE__core_composite_extended_ela
1757,1761,Predicted_Grade_Equivalent_PGE__core_composite_no_comp
1761,1765,Predicted_Grade_Equivalent_PGE__core_composite_extended_ela_no_comp
1765,1769,Predicted_Grade_Equivalent_PGE__social_studies
1769,1773,Predicted_Grade_Equivalent_PGE__science
1773,1777,Predicted_Grade_Equivalent_PGE__complete_composite
1777,1781,Predicted_Grade_Equivalent_PGE__complete_composite_extended_ela
1781,1785,Predicted_Grade_Equivalent_PGE__complete_composite_no_comp
1785,1789,Predicted_Grade_Equivalent_PGE__complete_composite_extended_ela_no_comp
1789,1793,Predicted_Grade_Equivalent_PGE__reading_words
1793,1797,Predicted_Grade_Equivalent_PGE__reading_comprehension
1797,1801,Predicted_Grade_Equivalent_PGE__reading_total
1801,1805,Predicted_Grade_Equivalent_PGE__language_total
1813,1815,Predicted_National_Percentile_Rank_PNPR__reading
1815,1817,Predicted_National_Percentile_Rank_PNPR__vocabulary
1817,1819,Predicted_National_Percentile_Rank_PNPR__spelling
1819,1821,Predicted_National_Percentile_Rank_PNPR__capitalization
1821,1823,Predicted_National_Percentile_Rank_PNPR__punctuation
1823,1825,Predicted_National_Percentile_Rank_PNPR__language_written_expression
1825,1827,Predicted_National_Percentile_Rank_PNPR__conventions_of_writing
1827,1829,Predicted_National_Percentile_Rank_PNPR__ela_total
1829,1831,Predicted_National_Percentile_Rank_PNPR__word_analysis
1831,1833,Predicted_National_Percentile_Rank_PNPR__listening
1833,1835,Predicted_National_Percentile_Rank_PNPR__extended_ela_total
1835,1837,Predicted_National_Percentile_Rank_PNPR__math
1837,1839,Predicted_National_Percentile_Rank_PNPR__computation
1839,1841,Predicted_National_Percentile_Rank_PNPR__math_total
1841,1843,Predicted_National_Percentile_Rank_PNPR__core_composite
1843,1845,Predicted_National_Percentile_Rank_PNPR__core_composite_extended_ela
1845,1847,Predicted_National_Percentile_Rank_PNPR__core_composite_no_comp
1847,1849,Predicted_National_Percentile_Rank_PNPR__core_composite_extended_ela_no_comp
1849,1851,Predicted_National_Percentile_Rank_PNPR__social_studies
1851,1853,Predicted_National_Percentile_Rank_PNPR__science
1853,1855,Predicted_National_Percentile_Rank_PNPR__complete_composite
1855,1857,Predicted_National_Percentile_Rank_PNPR__complete_composite_extended_ela
1857,1859,Predicted_National_Percentile_Rank_PNPR__complete_composite_no_comp
1859,1861,Predicted_National_Percentile_Rank_PNPR__complete_composite_extended_ela_no_comp
1861,1863,Predicted_National_Percentile_Rank_PNPR__reading_words
1863,1865,Predicted_National_Percentile_Rank_PNPR__reading_comprehension
1865,1867,Predicted_National_Percentile_Rank_PNPR__reading_total
1867,1869,Predicted_National_Percentile_Rank_PNPR__language_total
1873,1877,Predicted_Standard_Score_Diffs__reading
1877,1881,Predicted_Standard_Score_Diffs__vocabulary
1881,1885,Predicted_Standard_Score_Diffs__spelling
1885,1889,Predicted_Standard_Score_Diffs__capitalization
1889,1893,Predicted_Standard_Score_Diffs__punctuation
1893,1897,Predicted_Standard_Score_Diffs__language_written_expression
1897,1901,Predicted_Standard_Score_Diffs__conventions_of_writing
1901,1905,Predicted_Standard_Score_Diffs__ela_total
1905,1909,Predicted_Standard_Score_Diffs__word_analysis
1909,1913,Predicted_Standard_Score_Diffs__listening
1913,1917,Predicted_Standard_Score_Diffs__extended_ela_total
1917,1921,Predicted_Standard_Score_Diffs__math
1921,1925,Predicted_Standard_Score_Diffs__computation
1925,1929,Predicted_Standard_Score_Diffs__math_total
1929,1933,Predicted_Standard_Score_Diffs__core_composite
1933,1937,Predicted_Standard_Score_Diffs__core_composite_extended_ela
1937,1941,Predicted_Standard_Score_Diffs__core_composite_no_comp
1941,1945,Predicted_Standard_Score_Diffs__core_composite_extended_ela_no_comp
1945,1949,Predicted_Standard_Score_Diffs__social_studies
1949,1953,Predicted_Standard_Score_Diffs__science
1953,1957,Predicted_Standard_Score_Diffs__complete_composite
1957,1961,Predicted_Standard_Score_Diffs__complete_composite_extended_ela
1961,1965,Predicted_Standard_Score_Diffs__complete_composite_no_comp
1965,1969,Predicted_Standard_Score_Diffs__complete_composite_extended_ela_no_comp
1969,1973,Predicted_Standard_Score_Diffs__reading_words
1973,1977,Predicted_Standard_Score_Diffs__reading_comprehension
1977,1981,Predicted_Standard_Score_Diffs__reading_total
1981,1985,Predicted_Standard_Score_Diffs__language_total
1993,1997,Predicted_Grade_Equivalent_Diffs__reading
1997,2001,Predicted_Grade_Equivalent_Diffs__vocabulary
2001,2005,Predicted_Grade_Equivalent_Diffs__spelling
2005,2009,Predicted_Grade_Equivalent_Diffs__capitalization
2009,2013,Predicted_Grade_Equivalent_Diffs__punctuation
2013,2017,Predicted_Grade_Equivalent_Diffs__language_written_expression
2017,2021,Predicted_Grade_Equivalent_Diffs__conventions_of_writing
2021,2025,Predicted_Grade_Equivalent_Diffs__ela_total
2025,2029,Predicted_Grade_Equivalent_Diffs__word_analysis
2029,2033,Predicted_Grade_Equivalent_Diffs__listening
2033,2037,Predicted_Grade_Equivalent_Diffs__extended_ela_total
2037,2041,Predicted_Grade_Equivalent_Diffs__math
2041,2045,Predicted_Grade_Equivalent_Diffs__computation
2045,2049,Predicted_Grade_Equivalent_Diffs__math_total
2049,2053,Predicted_Grade_Equivalent_Diffs__core_composite
2053,2057,Predicted_Grade_Equivalent_Diffs__core_composite_extended_ela
2057,2061,Predicted_Grade_Equivalent_Diffs__core_composite_no_comp
2061,2065,Predicted_Grade_Equivalent_Diffs__core_composite_extended_ela_no_comp
2065,2069,Predicted_Grade_Equivalent_Diffs__social_studies
2069,2073,Predicted_Grade_Equivalent_Diffs__science
2073,2077,Predicted_Grade_Equivalent_Diffs__complete_composite
2077,2081,Predicted_Grade_Equivalent_Diffs__complete_composite_extended_ela
2081,2085,Predicted_Grade_Equivalent_Diffs__complete_composite_no_comp
2085,2089,Predicted_Grade_Equivalent_Diffs__complete_composite_extended_ela_no_comp
2089,2093,Predicted_Grade_Equivalent_Diffs__reading_words
2093,2097,Predicted_Grade_Equivalent_Diffs__reading_comprehension
2097,2101,Predicted_Grade_Equivalent_Diffs__reading_total
2101,2105,Predicted_Grade_Equivalent_Diffs__language_total
2113,2114,Significant_Diff_Indicators_68__reading
2114,2115,Significant_Diff_Indicators_80__reading
2115,2116,Significant_Diff_Indicators_90__reading
2116,2117,Significant_Diff_Indicators_68__vocabulary
2117,2118,Significant_Diff_Indicators_80__vocabulary
2118,2119,Significant_Diff_Indicators_90__vocabulary
2119,2120,Significant_Diff_Indicators_68__spelling
2120,2121,Significant_Diff_Indicators_80__spelling
2121,2122,Significant_Diff_Indicators_90__spelling
2122,2123,Significant_Diff_Indicators_68__capitalization
2123,2124,Significant_Diff_Indicators_80__capitalization
2124,2125,Significant_Diff_Indicators_90__capitalization
2125,2126,Significant_Diff_Indicators_68__punctuation
2126,2127,Significant_Diff_Indicators_80__punctuation
2127,2128,Significant_Diff_Indicators_90__punctuation
2128,2129,Significant_Diff_Indicators_68__language_written_expression
2129,2130,Significant_Diff_Indicators_80__language_written_expression
2130,2131,Significant_Diff_Indicators_90__language_written_expression
2131,2132,Significant_Diff_Indicators_68__conventions_of_writing
2132,2133,Significant_Diff_Indicators_80__conventions_of_writing
2133,2134,Significant_Diff_Indicators_90__conventions_of_writing
2134,2135,Significant_Diff_Indicators_68__ela_total
2135,2136,Significant_Diff_Indicators_80__ela_total
2136,2137,Significant_Diff_Indicators_90__ela_total
2137,2138,Significant_Diff_Indicators_68__word_analysis
2138,2139,Significant_Diff_Indicators_80__word_analysis
2139,2140,Significant_Diff_Indicators_90__word_analysis
2140,2141,Significant_Diff_Indicators_68__listening
2141,2142,Significant_Diff_Indicators_80__listening
2142,2143,Significant_Diff_Indicators_90__listening
2143,2144,Significant_Diff_Indicators_68__extended_ela_total
2144,2145,Significant_Diff_Indicators_80__extended_ela_total
2145,2146,Significant_Diff_Indicators_90__extended_ela_total
2146,2147,Significant_Diff_Indicators_68__math
2147,2148,Significant_Diff_Indicators_80__math
2148,2149,Significant_Diff_Indicators_90__math
2149,2150,Significant_Diff_Indicators_68__computation
2150,2151,Significant_Diff_Indicators_80__computation
2151,2152,Significant_Diff_Indicators_90__computation
2152,2153,Significant_Diff_Indicators_68__math_total
2153,2154,Significant_Diff_Indicators_80__math_total
2154,2155,Significant_Diff_Indicators_90__math_total
2155,2156,Significant_Diff_Indicators_68__core_composite
2156,2157,Significant_Diff_Indicators_80__core_composite
2157,2158,Significant_Diff_Indicators_90__core_composite
2158,2159,Significant_Diff_Indicators_68__core_composite_extended_ela
2159,2160,Significant_Diff_Indicators_80__core_composite_extended_ela
2160,2161,Significant_Diff_Indicators_90__core_composite_extended_ela
2161,2162,Significant_Diff_Indicators_68__core_composite_no_comp
2162,2163,Significant_Diff_Indicators_80__core_composite_no_comp
2163,2164,Significant_Diff_Indicators_90__core_composite_no_comp
2164,2165,Significant_Diff_Indicators_68__core_composite_extended_ela_no_comp
2165,2166,Significant_Diff_Indicators_80__core_composite_extended_ela_no_comp
2166,2167,Significant_Diff_Indicators_90__core_composite_extended_ela_no_comp
2167,2168,Significant_Diff_Indicators_68__social_studies
2168,2169,Significant_Diff_Indicators_80__social_studies
2169,2170,Significant_Diff_Indicators_90__social_studies
2170,2171,Significant_Diff_Indicators_68__science
2171,2172,Significant_Diff_Indicators_80__science
2172,2173,Significant_Diff_Indicators_90__science
2173,2174,Significant_Diff_Indicators_68__complete_composite
2174,2175,Significant_Diff_Indicators_80__complete_composite
2175,2176,Significant_Diff_Indicators_90__complete_composite
2176,2177,Significant_Diff_Indicators_68__complete_composite_extended_ela
2177,2178,Significant_Diff_Indicators_80__complete_composite_extended_ela
2178,2179,Significant_Diff_Indicators_90__complete_composite_extended_ela
2179,2180,Significant_Diff_Indicators_68__complete_composite_no_comp
2180,2181,Significant_Diff_Indicators_80__complete_composite_no_comp
2181,2182,Significant_Diff_Indicators_90__complete_composite_no_comp
2182,2183,Significant_Diff_Indicators_68__complete_composite_extended_ela_no_comp
2183,2184,Significant_Diff_Indicators_80__complete_composite_extended_ela_no_comp
2184,2185,Significant_Diff_Indicators_90__complete_composite_extended_ela_no_comp
2185,2186,Significant_Diff_Indicators_68__reading_words
2186,2187,Significant_Diff_Indicators_80__reading_words
2187,2188,Significant_Diff_Indicators_90__reading_words
2188,2189,Significant_Diff_Indicators_68__reading_comprehension
2189,2190,Significant_Diff_Indicators_80__reading_comprehension
2190,2191,Significant_Diff_Indicators_90__reading_comprehension
2191,2192,Significant_Diff_Indicators_68__reading_total
2192,2193,Significant_Diff_Indicators_80__reading_total
2193,2194,Significant_Diff_Indicators_90__reading_total
2194,2195,Significant_Diff_Indicators_68__language_total
2195,2196,Significant_Diff_Indicators_80__language_total
2196,2197,Significant_Diff_Indicators_90__language_total
2203,2205,Local_Percentile_Rank__reading
2205,2207,Local_Percentile_Rank__vocabulary
2207,2209,Local_Percentile_Rank__spelling
2209,2211,Local_Percentile_Rank__capitalization
2211,2213,Local_Percentile_Rank__punctuation
2213,2215,Local_Percentile_Rank__language_written_expression
2215,2217,Local_Percentile_Rank__conventions_of_writing
2217,2219,Local_Percentile_Rank__ela_total
2219,2221,Local_Percentile_Rank__word_analysis
2221,2223,Local_Percentile_Rank__listening
2223,2225,Local_Percentile_Rank__extended_ela_total
2225,2227,Local_Percentile_Rank__math
2227,2229,Local_Percentile_Rank__computation
2229,2231,Local_Percentile_Rank__math_total
2231,2233,Local_Percentile_Rank__core_composite
2233,2235,Local_Percentile_Rank__core_composite_extended_ela
2235,2237,Local_Percentile_Rank__core_composite_no_comp
2237,2239,Local_Percentile_Rank__core_composite_extended_ela_no_comp
2239,2241,Local_Percentile_Rank__social_studies
2241,2243,Local_Percentile_Rank__science
2243,2245,Local_Percentile_Rank__complete_composite
2245,2247,Local_Percentile_Rank__complete_composite_extended_ela
2247,2249,Local_Percentile_Rank__complete_composite_no_comp
2249,2251,Local_Percentile_Rank__complete_composite_extended_ela_no_comp
2251,2253,Local_Percentile_Rank__reading_words
2253,2255,Local_Percentile_Rank__reading_comprehension
2255,2257,Local_Percentile_Rank__reading_total
2257,2259,Local_Percentile_Rank__language_total
2263,2264,Local_Stanines__reading
2264,2265,Local_Stanines__vocabulary
2265,2266,Local_Stanines__spelling
2266,2267,Local_Stanines__capitalization
2267,2268,Local_Stanines__punctuation
2268,2269,Local_Stanines__language_written_expression
2269,2270,Local_Stanines__conventions_of_writing
2270,2271,Local_Stanines__ela_total
2271,2272,Local_Stanines__word_analysis
2272,2273,Local_Stanines__listening
2273,2274,Local_Stanines__extended_ela_total
2274,2275,Local_Stanines__math
2275,2276,Local_Stanines__computation
2276,2277,Local_Stanines__math_total
2277,2278,Local_Stanines__core_composite
2278,2279,Local_Stanines__core_composite_extended_ela
2279,2280,Local_Stanines__core_composite_no_comp
2280,2281,Local_Stanines__core_composite_extended_ela_no_comp
2281,2282,Local_Stanines__social_studies
2282,2283,Local_Stanines__science
2283,2284,Local_Stanines__complete_composite
2284,2285,Local_Stanines__complete_composite_extended_ela
2285,2286,Local_Stanines__complete_composite_no_comp
2286,2287,Local_Stanines__complete_composite_extended_ela_no_comp
2287,2288,Local_Stanines__reading_words
2288,2289,Local_Stanines__reading_comprehension
2289,2290,Local_Stanines__reading_total
2290,2291,Local_Stanines__language_total
2293,2295,Catholic_Private_PR__reading
2295,2297,Catholic_Private_PR__vocabulary
2297,2299,Catholic_Private_PR__spelling
2299,2301,Catholic_Private_PR__capitalization
2301,2303,Catholic_Private_PR__punctuation
2303,2305,Catholic_Private_PR__language_written_expression
2305,2307,Catholic_Private_PR__conventions_of_writing
2307,2309,Catholic_Private_PR__ela_total
2309,2311,Catholic_Private_PR__word_analysis
2311,2313,Catholic_Private_PR__listening
2313,2315,Catholic_Private_PR__extended_ela_total
2315,2317,Catholic_Private_PR__math
2317,2319,Catholic_Private_PR__computation
2319,2321,Catholic_Private_PR__math_total
2321,2323,Catholic_Private_PR__core_composite
2323,2325,Catholic_Private_PR__core_composite_extended_ela
2325,2327,Catholic_Private_PR__core_composite_no_comp
2327,2329,Catholic_Private_PR__core_composite_extended_ela_no_comp
2329,2331,Catholic_Private_PR__social_studies
2331,2333,Catholic_Private_PR__science
2333,2335,Catholic_Private_PR__complete_composite
2335,2337,Catholic_Private_PR__complete_composite_extended_ela
2337,2339,Catholic_Private_PR__complete_composite_no_comp
2339,2341,Catholic_Private_PR__complete_composite_extended_ela_no_comp
2341,2343,Catholic_Private_PR__reading_words
2343,2345,Catholic_Private_PR__reading_comprehension
2345,2347,Catholic_Private_PR__reading_total
2347,2349,Catholic_Private_PR__language_total
2353,2355,HSES_PR__reading
2355,2357,HSES_PR__vocabulary
2357,2359,HSES_PR__spelling
2359,2361,HSES_PR__capitalization
2361,2363,HSES_PR__punctuation
2363,2365,HSES_PR__language_written_expression
2365,2367,HSES_PR__conventions_of_writing
2367,2369,HSES_PR__ela_total
2369,2371,HSES_PR__word_analysis
2371,2373,HSES_PR__listening
2373,2375,HSES_PR__extended_ela_total
2375,2377,HSES_PR__math
2377,2379,HSES_PR__computation
2379,2381,HSES_PR__math_total
2381,2383,HSES_PR__core_composite
2383,2385,HSES_PR__core_composite_extended_ela
2385,2387,HSES_PR__core_composite_no_comp
2387,2389,HSES_PR__core_composite_extended_ela_no_comp
2389,2391,HSES_PR__social_studies
2391,2393,HSES_PR__science
2393,2395,HSES_PR__complete_composite
2395,2397,HSES_PR__complete_composite_extended_ela
2397,2399,HSES_PR__complete_composite_no_comp
2399,2401,HSES_PR__complete_composite_extended_ela_no_comp
2401,2403,HSES_PR__reading_words
2403,2405,HSES_PR__reading_comprehension
2405,2407,HSES_PR__reading_total
2407,2409,HSES_PR__language_total
2413,2416,Predicted_SAT_Critical_Reading_High
2416,2419,Predicted_SAT_Critical_Reading_Low
2419,2422,Predicted_SAT_Math_High
2422,2425,Predicted_SAT_Math_Low
2425,2428,Predicted_ACT_Composite_High
2428,2431,Predicted_ACT_Composite_Low
2431,2641,Filler24
2641,2851,Filler25
2851,3061,Filler26
3061,3241,Filler27
3241,3421,Filler28
3421,3423,LSES_PR__reading
3423,3425,LSES_PR__vocabulary
3425,3427,LSES_PR__spelling
3427,3429,LSES_PR__capitalization
3429,3431,LSES_PR__punctuation
3431,3433,LSES_PR__language_written_expression
3433,3435,LSES_PR__conventions_of_writing
3435,3437,LSES_PR__ela_total
3437,3439,LSES_PR__word_analysis
3439,3441,LSES_PR__listening
3441,3443,LSES_PR__extended_ela_total
3443,3445,LSES_PR__math
3445,3447,LSES_PR__computation
3447,3449,LSES_PR__math_total
3449,3451,LSES_PR__core_composite
3451,3453,LSES_PR__core_composite_extended_ela
3453,3455,LSES_PR__core_composite_no_comp
3455,3457,LSES_PR__core_composite_extended_ela_no_comp
3457,3459,LSES_PR__social_studies
3459,3461,LSES_PR__science
3461,3463,LSES_PR__complete_composite
3463,3465,LSES_PR__complete_composite_extended_ela
3465,3467,LSES_PR__complete_composite_no_comp
3467,3469,LSES_PR__complete_composite_extended_ela_no_comp
3469,3471,LSES_PR__reading_words
3471,3473,LSES_PR__reading_comprehension
3473,3475,LSES_PR__reading_total
3475,3477,LSES_PR__language_total
3481,3485,Lexile_Low_Score_of_Range
3485,3489,Lexile_High_Score_of_Range
3489,3493,Quantile_Low_Score_of_Range
3493,3494,Filler29
3494,3498,Quantile_High_Score_of_Range
3498,3499,Filler30
3499,3589,Filler31
3589,3679,Filler32
3679,3769,Filler33
3769,3772,Iowa_Skill_Domain_Pct_Correct__00
3772,3775,Iowa_Skill_Domain_Pct_Correct__01
3775,3778,Iowa_Skill_Domain_Pct_Correct__02
3778,3781,Iowa_Skill_Domain_Pct_Correct__03
3781,3784,Iowa_Skill_Domain_Pct_Correct__04
3784,3787,Iowa_Skill_Domain_Pct_Correct__05
3787,3790,Iowa_Skill_Domain_Pct_Correct__06
3790,3793,Iowa_Skill_Domain_Pct_Correct__07
3793,3796,Iowa_Skill_Domain_Pct_Correct__08
3796,3799,Iowa_Skill_Domain_Pct_Correct__09
3799,3802,Iowa_Skill_Domain_Pct_Correct__10
3802,3805,Iowa_Skill_Domain_Pct_Correct__11
3805,3808,Iowa_Skill_Domain_Pct_Correct__12
3808,3811,Iowa_Skill_Domain_Pct_Correct__13
3811,3814,Iowa_Skill_Domain_Pct_Correct__14
3814,3817,Iowa_Skill_Domain_Pct_Correct__15
3817,3820,Iowa_Skill_Domain_Pct_Correct__16
3820,3823,Iowa_Skill_Domain_Pct_Correct__17
3823,3826,Iowa_Skill_Domain_Pct_Correct__18
3826,3829,Iowa_Skill_Domain_Pct_Correct__19
3829,3832,Iowa_Skill_Domain_Pct_Correct__20
3832,3835,Iowa_Skill_Domain_Pct_Correct__21
3835,3838,Iowa_Skill_Domain_Pct_Correct__22
3838,3841,Iowa_Skill_Domain_Pct_Correct__23
3841,3844,Iowa_Skill_Domain_Pct_Correct__24
3844,3847,Iowa_Skill_Domain_Pct_Correct__25
3847,3850,Iowa_Skill_Domain_Pct_Correct__26
3850,3853,Iowa_Skill_Domain_Pct_Correct__27
3853,3856,Iowa_Skill_Domain_Pct_Correct__28
3856,3859,Iowa_Skill_Domain_Pct_Correct__29
3859,3862,Iowa_Skill_Domain_Pct_Correct__30
3862,3865,Iowa_Skill_Domain_Pct_Correct__31
3865,3868,Iowa_Skill_Domain_Pct_Correct__32
3868,3871,Iowa_Skill_Domain_Pct_Correct__33
3871,3874,Iowa_Skill_Domain_Pct_Correct__34
3874,3877,Iowa_Skill_Domain_Pct_Correct__35
3877,3880,Iowa_Skill_Domain_Pct_Correct__36
3880,3883,Iowa_Skill_Domain_Pct_Correct__37
3883,3886,Iowa_Skill_Domain_Pct_Correct__38
3886,3889,Iowa_Skill_Domain_Pct_Correct__39
3889,3892,Iowa_Skill_Domain_Pct_Correct__40
3892,3895,Iowa_Skill_Domain_Pct_Correct__41
3895,3898,Iowa_Skill_Domain_Pct_Correct__42
3898,3901,Iowa_Skill_Domain_Pct_Correct__43
3901,3904,Iowa_Skill_Domain_Pct_Correct__44
3904,3907,Iowa_Skill_Domain_Pct_Correct__45
3907,3910,Iowa_Skill_Domain_Pct_Correct__46
3910,3913,Iowa_Skill_Domain_Pct_Correct__47
3913,3916,Iowa_Skill_Domain_Pct_Correct__48
3916,3919,Iowa_Skill_Domain_Pct_Correct__49
3919,3922,Iowa_Skill_Domain_Pct_Correct__50
3922,3925,Iowa_Skill_Domain_Pct_Correct__51
3925,3928,Iowa_Skill_Domain_Pct_Correct__52
3928,3931,Iowa_Skill_Domain_Pct_Correct__53
3931,3934,Iowa_Skill_Domain_Pct_Correct__54
3934,3937,Iowa_Skill_Domain_Pct_Correct__55
3937,3940,Iowa_Skill_Domain_Pct_Correct__56
3940,3943,Iowa_Skill_Domain_Pct_Correct__57
3943,3946,Iowa_Skill_Domain_Pct_Correct__58
3946,3949,Iowa_Skill_Domain_Pct_Correct__59
3949,4029,Filler34
4029,4032,CCS_Domain_Pct_Correct__00
4032,4035,CCS_Domain_Pct_Correct__01
4035,4038,CCS_Domain_Pct_Correct__02
4038,4041,CCS_Domain_Pct_Correct__03
4041,4044,CCS_Domain_Pct_Correct__04
4044,4047,CCS_Domain_Pct_Correct__05
4047,4050,CCS_Domain_Pct_Correct__06
4050,4053,CCS_Domain_Pct_Correct__07
4053,4056,CCS_Domain_Pct_Correct__08
4056,4059,CCS_Domain_Pct_Correct__09
4059,4062,CCS_Domain_Pct_Correct__10
4062,4065,CCS_Domain_Pct_Correct__11
4065,4068,CCS_Domain_Pct_Correct__12
4068,4071,CCS_Domain_Pct_Correct__13
4071,4074,CCS_Domain_Pct_Correct__14
4074,4077,CCS_Domain_Pct_Correct__15
4077,4080,CCS_Domain_Pct_Correct__16
4080,4083,CCS_Domain_Pct_Correct__17
4083,4086,CCS_Domain_Pct_Correct__18
4086,4089,CCS_Domain_Pct_Correct__19
4089,4092,CCS_Domain_Pct_Correct__20
4092,4095,CCS_Domain_Pct_Correct__21
4095,4098,CCS_Domain_Pct_Correct__22
4098,4101,CCS_Domain_Pct_Correct__23
4101,4104,CCS_Domain_Pct_Correct__24
4104,4107,CCS_Domain_Pct_Correct__25
4107,4110,CCS_Domain_Pct_Correct__26
4110,4113,CCS_Domain_Pct_Correct__27
4113,4116,CCS_Domain_Pct_Correct__28
4116,4119,CCS_Domain_Pct_Correct__29
4119,4122,CCS_Domain_Pct_Correct__30
4122,4125,CCS_Domain_Pct_Correct__31
4125,4128,CCS_Domain_Pct_Correct__32
4128,4131,CCS_Domain_Pct_Correct__33
4131,4134,CCS_Domain_Pct_Correct__34
4134,4137,CCS_Domain_Pct_Correct__35
4137,4140,CCS_Domain_Pct_Correct__36
4140,4143,CCS_Domain_Pct_Correct__37
4143,4146,CCS_Domain_Pct_Correct__38
4146,4149,CCS_Domain_Pct_Correct__39
4149,4150,College_Readiness__reading
4150,4151,College_Readiness__vocabulary
4151,4152,College_Readiness__spelling
4152,4153,College_Readiness__capitalization
4153,4154,College_Readiness__punctuation
4154,4155,College_Readiness__language_written_expression
4155,4156,College_Readiness__conventions_of_writing
4156,4157,College_Readiness__ela_total
4157,4158,College_Readiness__word_analysis
4158,4159,College_Readiness__listening
4159,4160,College_Readiness__extended_ela_total
4160,4161,College_Readiness__math
4161,4162,College_Readiness__computation
4162,4163,College_Readiness__math_total
4163,4164,College_Readiness__core_composite
4164,4165,College_Readiness__core_composite_extended_ela
4165,4166,College_Readiness__core_composite_no_comp
4166,4167,College_Readiness__core_composite_extended_ela_no_comp
4167,4168,College_Readiness__social_studies
4168,4169,College_Readiness__science
4169,4170,College_Readiness__complete_composite
4170,4171,College_Readiness__complete_composite_extended_ela
4171,4172,College_Readiness__complete_composite_no_comp
4172,4173,College_Readiness__complete_composite_extended_ela_no_comp
4173,4174,College_Readiness__reading_words
4174,4175,College_Readiness__reading_comprehension
4175,4176,College_Readiness__reading_total
4176,4177,College_Readiness__language_total
4179,4399,Item_Responses_1_220
4399,4619,Item_Responses_221_440
4619,4839,Item_Responses_441_660
4839,4842,Standard_Score_Norm_Based__reading
4842,4845,Standard_Score_Norm_Based__vocabulary
4845,4848,Standard_Score_Norm_Based__spelling
4848,4851,Standard_Score_Norm_Based__capitalization
4851,4854,Standard_Score_Norm_Based__punctuation
4854,4857,Standard_Score_Norm_Based__language_written_expression
4857,4860,Standard_Score_Norm_Based__conventions_of_writing
4860,4863,Standard_Score_Norm_Based__ela_total
4863,4866,Standard_Score_Norm_Based__word_analysis
4866,4869,Standard_Score_Norm_Based__listening
4869,4872,Standard_Score_Norm_Based__extended_ela_total
4872,4875,Standard_Score_Norm_Based__math
4875,4878,Standard_Score_Norm_Based__computation
4878,4881,Standard_Score_Norm_Based__math_total
4881,4884,Standard_Score_Norm_Based__core_composite
4884,4887,Standard_Score_Norm_Based__core_composite_extended_ela
4887,4890,Standard_Score_Norm_Based__core_composite_no_comp
4890,4893,Standard_Score_Norm_Based__core_composite_extended_ela_no_comp
4893,4896,Standard_Score_Norm_Based__social_studies
4896,4899,Standard_Score_Norm_Based__science
4899,4902,Standard_Score_Norm_Based__complete_composite
4902,4905,Standard_Score_Norm_Based__complete_composite_extended_ela
4905,4908,Standard_Score_Norm_Based__complete_composite_no_comp
4908,4911,Standard_Score_Norm_Based__complete_composite_extended_ela_no_comp
4911,4914,Standard_Score_Norm_Based__reading_words
4914,4917,Standard_Score_Norm_Based__reading_comprehension
4917,4920,Standard_Score_Norm_Based__reading_total
4920,4923,Standard_Score_Norm_Based__language_total
4929,4933,Grade_Equivalent_Norm_Based__reading
4933,4937,Grade_Equivalent_Norm_Based__vocabulary
4937,4941,Grade_Equivalent_Norm_Based__spelling
4941,4945,Grade_Equivalent_Norm_Based__capitalization
4945,4949,Grade_Equivalent_Norm_Based__punctuation
4949,4953,Grade_Equivalent_Norm_Based__language_written_expression
4953,4957,Grade_Equivalent_Norm_Based__conventions_of_writing
4957,4961,Grade_Equivalent_Norm_Based__ela_total
4961,4965,Grade_Equivalent_Norm_Based__word_analysis
4965,4969,Grade_Equivalent_Norm_Based__listening
4969,4973,Grade_Equivalent_Norm_Based__extended_ela_total
4973,4977,Grade_Equivalent_Norm_Based__math
4977,4981,Grade_Equivalent_Norm_Based__computation
4981,4985,Grade_Equivalent_Norm_Based__math_total
4985,4989,Grade_Equivalent_Norm_Based__core_composite
4989,4993,Grade_Equivalent_Norm_Based__core_composite_extended_ela
4993,4997,Grade_Equivalent_Norm_Based__core_composite_no_comp
4997,5001,Grade_Equivalent_Norm_Based__core_composite_extended_ela_no_comp
5001,5005,Grade_Equivalent_Norm_Based__social_studies
5005,5009,Grade_Equivalent_Norm_Based__science
5009,5013,Grade_Equivalent_Norm_Based__complete_composite
5013,5017,Grade_Equivalent_Norm_Based__complete_composite_extended_ela
5017,5021,Grade_Equivalent_Norm_Based__complete_composite_no_comp
5021,5025,Grade_Equivalent_Norm_Based__complete_composite_extended_ela_no_comp
5025,5029,Grade_Equivalent_Norm_Based__reading_words
5029,5033,Grade_Equivalent_Norm_Based__reading_comprehension
5033,5037,Grade_Equivalent_Norm_Based__reading_total
5037,5041,Grade_Equivalent_Norm_Based__language_total
5049,5051,National_Percentile_Rank_Norm_Based__reading
5051,5053,National_Percentile_Rank_Norm_Based__vocabulary
5053,5055,National_Percentile_Rank_Norm_Based__spelling
5055,5057,National_Percentile_Rank_Norm_Based__capitalization
5057,5059,National_Percentile_Rank_Norm_Based__punctuation
5059,5061,National_Percentile_Rank_Norm_Based__language_written_expression
5061,5063,National_Percentile_Rank_Norm_Based__conventions_of_writing
5063,5065,National_Percentile_Rank_Norm_Based__ela_total
5065,5067,National_Percentile_Rank_Norm_Based__word_analysis
5067,5069,National_Percentile_Rank_Norm_Based__listening
5069,5071,National_Percentile_Rank_Norm_Based__extended_ela_total
5071,5073,National_Percentile_Rank_Norm_Based__math
5073,5075,National_Percentile_Rank_Norm_Based__computation
5075,5077,National_Percentile_Rank_Norm_Based__math_total
5077,5079,National_Percentile_Rank_Norm_Based__core_composite
5079,5081,National_Percentile_Rank_Norm_Based__core_composite_extended_ela
5081,5083,National_Percentile_Rank_Norm_Based__core_composite_no_comp
5083,5085,National_Percentile_Rank_Norm_Based__core_composite_extended_ela_no_comp
5085,5087,National_Percentile_Rank_Norm_Based__social_studies
5087,5089,National_Percentile_Rank_Norm_Based__science
5089,5091,National_Percentile_Rank_Norm_Based__complete_composite
5091,5093,National_Percentile_Rank_Norm_Based__complete_composite_extended_ela
5093,5095,National_Percentile_Rank_Norm_Based__complete_composite_no_comp
5095,5097,National_Percentile_Rank_Norm_Based__complete_composite_extended_ela_no_comp
5097,5099,National_Percentile_Rank_Norm_Based__reading_words
5099,5101,National_Percentile_Rank_Norm_Based__reading_comprehension
5101,5103,National_Percentile_Rank_Norm_Based__reading_total
5103,5105,National_Percentile_Rank_Norm_Based__language_total
5109,5110,National_Stanine_Norm_Based__reading
5110,5111,National_Stanine_Norm_Based__vocabulary
5111,5112,National_Stanine_Norm_Based__spelling
5112,5113,National_Stanine_Norm_Based__capitalization
5113,5114,National_Stanine_Norm_Based__punctuation
5114,5115,National_Stanine_Norm_Based__language_written_expression
5115,5116,National_Stanine_Norm_Based__conventions_of_writing
5116,5117,National_Stanine_Norm_Based__ela_total
5117,5118,National_Stanine_Norm_Based__word_analysis
5118,5119,National_Stanine_Norm_Based__listening
5119,5120,National_Stanine_Norm_Based__extended_ela_total
5120,5121,National_Stanine_Norm_Based__math
5121,5122,National_Stanine_Norm_Based__computation
5122,5123,National_Stanine_Norm_Based__math_total
5123,5124,National_Stanine_Norm_Based__core_composite
5124,5125,National_Stanine_Norm_Based__core_composite_extended_ela
5125,5126,National_Stanine_Norm_Based__core_composite_no_comp
5126,5127,National_Stanine_Norm_Based__core_composite_extended_ela_no_comp
5127,5128,National_Stanine_Norm_Based__social_studies
5128,5129,National_Stanine_Norm_Based__science
5129,5130,National_Stanine_Norm_Based__complete_composite
5130,5131,National_Stanine_Norm_Based__complete_composite_extended_ela
5131,5132,National_Stanine_Norm_Based__complete_composite_no_comp
5132,5133,National_Stanine_Norm_Based__complete_composite_extended_ela_no_comp
5133,5134,National_Stanine_Norm_Based__reading_words
5134,5135,National_Stanine_Norm_Based__reading_comprehension
5135,5136,National_Stanine_Norm_Based__reading_total
5136,5137,National_Stanine_Norm_Based__language_total
5139,5140,Mode_of_Administration__00
5140,5141,Mode_of_Administration__01
5141,5142,Mode_of_Administration__02
5142,5143,Mode_of_Administration__03
5143,5144,Mode_of_Administration__04
5144,5145,Mode_of_Administration__05
5145,5146,Mode_of_Administration__06
5146,5147,Mode_of_Administration__07
5147,5148,Mode_of_Administration__08
5148,5149,Mode_of_Administration__09
5149,5150,Mode_of_Administration__10
5150,5151,Mode_of_Administration__11
5151,5152,Mode_of_Administration__12
5152,5153,Mode_of_Administration__13
5153,5154,Mode_of_Administration__14
5154,5155,Mode_of_Administration__15
5155,5156,Mode_of_Administration__16
5156,5157,Mode_of_Administration__17
5157,5158,Mode_of_Administration__18
5158,5159,Mode_of_Administration__19
5159,5199,TestInstance_GUID
5199,5202,CCS_No_Comp_Pct_Correct__00
5202,5205,CCS_No_Comp_Pct_Correct__01
5205,5208,CCS_No_Comp_Pct_Correct__02
5208,5211,CCS_No_Comp_Pct_Correct__03
5211,5214,CCS_No_Comp_Pct_Correct__04
5214,5217,CCS_No_Comp_Pct_Correct__05
5217,5220,CCS_No_Comp_Pct_Correct__06
5220,5223,CCS_No_Comp_Pct_Correct__07
5223,5226,CCS_No_Comp_Pct_Correct__08
5226,5229,CCS_No_Comp_Pct_Correct__09
5229,5232,CCS_No_Comp_Pct_Correct__10
5232,5235,CCS_No_Comp_Pct_Correct__11
5235,5238,CCS_No_Comp_Pct_Correct__12
5238,5241,CCS_No_Comp_Pct_Correct__13
5241,5244,CCS_No_Comp_Pct_Correct__14
5244,5247,CCS_No_Comp_Pct_Correct__15
5247,5250,CCS_No_Comp_Pct_Correct__16
5250,5253,CCS_No_Comp_Pct_Correct__17
5253,5256,CCS_No_Comp_Pct_Correct__18
5256,5259,CCS_No_Comp_Pct_Correct__19
5259,5262,CCS_No_Comp_Pct_Correct__20
5262,5265,CCS_No_Comp_Pct_Correct__21
5265,5268,CCS_No_Comp_Pct_Correct__22
5268,5271,CCS_No_Comp_Pct_Correct__23
5271,5274,CCS_No_Comp_Pct_Correct__24
5274,5277,CCS_No_Comp_Pct_Correct__25
5277,5280,CCS_No_Comp_Pct_Correct__26
5280,5283,CCS_No_Comp_Pct_Correct__27
5283,5286,CCS_No_Comp_Pct_Correct__28
5286,5289,CCS_No_Comp_Pct_Correct__29
5289,5292,CCS_No_Comp_Pct_Correct__30
5292,5295,CCS_No_Comp_Pct_Correct__31
5295,5298,CCS_No_Comp_Pct_Correct__32
5298,5301,CCS_No_Comp_Pct_Correct__33
5301,5304,CCS_No_Comp_Pct_Correct__34
5304,5307,CCS_No_Comp_Pct_Correct__35
5307,5310,CCS_No_Comp_Pct_Correct__36
5310,5313,CCS_No_Comp_Pct_Correct__37
5313,5316,CCS_No_Comp_Pct_Correct__38
5316,5319,CCS_No_Comp_Pct_Correct__39
5319,5323,State_Predicted_Scale_Score_Low__reading
5323,5327,State_Predicted_Scale_Score_Low__vocabulary
5327,5331,State_Predicted_Scale_Score_Low__spelling
5331,5335,State_Predicted_Scale_Score_Low__capitalization
5335,5339,State_Predicted_Scale_Score_Low__punctuation
5339,5343,State_Predicted_Scale_Score_Low__language_written_expression
5343,5347,State_Predicted_Scale_Score_Low__conventions_of_writing
5347,5351,State_Predicted_Scale_Score_Low__ela_total
5351,5355,State_Predicted_Scale_Score_Low__word_analysis
5355,5359,State_Predicted_Scale_Score_Low__listening
5359,5363,State_Predicted_Scale_Score_Low__extended_ela_total
5363,5367,State_Predicted_Scale_Score_Low__math
5367,5371,State_Predicted_Scale_Score_Low__computation
5371,5375,State_Predicted_Scale_Score_Low__math_total
5375,5379,State_Predicted_Scale_Score_Low__core_composite
5379,5383,State_Predicted_Scale_Score_Low__core_composite_extended_ela
5383,5387,State_Predicted_Scale_Score_Low__core_composite_no_comp
5387,5391,State_Predicted_Scale_Score_Low__core_composite_extended_ela_no_comp
5391,5395,State_Predicted_Scale_Score_Low__social_studies
5395,5399,State_Predicted_Scale_Score_Low__science
5399,5403,State_Predicted_Scale_Score_Low__complete_composite
5403,5407,State_Predicted_Scale_Score_Low__complete_composite_extended_ela
5407,5411,State_Predicted_Scale_Score_Low__complete_composite_no_comp
5411,5415,State_Predicted_Scale_Score_Low__complete_composite_extended_ela_no_comp
5415,5419,State_Predicted_Scale_Score_Low__reading_words
5419,5423,State_Predicted_Scale_Score_Low__reading_comprehension
5423,5427,State_Predicted_Scale_Score_Low__reading_total
5427,5431,State_Predicted_Scale_Score_Low__language_total
5439,5443,State_Predicted_Scale_Score_High__reading
5443,5447,State_Predicted_Scale_Score_High__vocabulary
5447,5451,State_Predicted_Scale_Score_High__spelling
5451,5455,State_Predicted_Scale_Score_High__capitalization
5455,5459,State_Predicted_Scale_Score_High__punctuation
5459,5463,State_Predicted_Scale_Score_High__language_written_expression
5463,5467,State_Predicted_Scale_Score_High__conventions_of_writing
5467,5471,State_Predicted_Scale_Score_High__ela_total
5471,5475,State_Predicted_Scale_Score_High__word_analysis
5475,5479,State_Predicted_Scale_Score_High__listening
5479,5483,State_Predicted_Scale_Score_High__extended_ela_total
5483,5487,State_Predicted_Scale_Score_High__math
5487,5491,State_Predicted_Scale_Score_High__computation
5491,5495,State_Predicted_Scale_Score_High__math_total
5495,5499,State_Predicted_Scale_Score_High__core_composite
5499,5503,State_Predicted_Scale_Score_High__core_composite_extended_ela
5503,5507,State_Predicted_Scale_Score_High__core_composite_no_comp
5507,5511,State_Predicted_Scale_Score_High__core_composite_extended_ela_no_comp
5511,5515,State_Predicted_Scale_Score_High__social_studies
5515,5519,State_Predicted_Scale_Score_High__science
5519,5523,State_Predicted_Scale_Score_High__complete_composite
5523,5527,State_Predicted_Scale_Score_High__complete_composite_extended_ela
5527,5531,State_Predicted_Scale_Score_High__complete_composite_no_comp
5531,5535,State_Predicted_Scale_Score_High__complete_composite_extended_ela_no_comp
5535,5539,State_Predicted_Scale_Score_High__reading_words
5539,5543,State_Predicted_Scale_Score_High__reading_comprehension
5543,5547,State_Predicted_Scale_Score_High__reading_total
5547,5551,State_Predicted_Scale_Score_High__language_total
5559,5563,State_Predicted_Scale_Score__reading
5563,5567,State_Predicted_Scale_Score__vocabulary
5567,5571,State_Predicted_Scale_Score__spelling
5571,5575,State_Predicted_Scale_Score__capitalization
5575,5579,State_Predicted_Scale_Score__punctuation
5579,5583,State_Predicted_Scale_Score__language_written_expression
5583,5587,State_Predicted_Scale_Score__conventions_of_writing
5587,5591,State_Predicted_Scale_Score__ela_total
5591,5595,State_Predicted_Scale_Score__word_analysis
5595,5599,State_Predicted_Scale_Score__listening
5599,5603,State_Predicted_Scale_Score__extended_ela_total
5603,5607,State_Predicted_Scale_Score__math
5607,5611,State_Predicted_Scale_Score__computation
5611,5615,State_Predicted_Scale_Score__math_total
5615,5619,State_Predicted_Scale_Score__core_composite
5619,5623,State_Predicted_Scale_Score__core_composite_extended_ela
5623,5627,State_Predicted_Scale_Score__core_composite_no_comp
5627,5631,State_Predicted_Scale_Score__core_composite_extended_ela_no_comp
5631,5635,State_Predicted_Scale_Score__social_studies
5635,5639,State_Predicted_Scale_Score__science
5639,5643,State_Predicted_Scale_Score__complete_composite
5643,5647,State_Predicted_Scale_Score__complete_composite_extended_ela
5647,5651,State_Predicted_Scale_Score__complete_composite_no_comp
5651,5655,State_Predicted_Scale_Score__complete_composite_extended_ela_no_comp
5655,5659,State_Predicted_Scale_Score__reading_words
5659,5663,State_Predicted_Scale_Score__reading_comprehension
5663,5667,State_Predicted_Scale_Score__reading_total
5667,5671,State_Predicted_Scale_Score__language_total
5679,5682,Filler35
