assessmentIdentifier,originalGrade,gradeLevelDescriptor
SBAC_ELA,3,uri://ed-fi.org/GradeLevelDescriptor#Third grade
SBAC_ELA,4,uri://ed-fi.org/GradeLevelDescriptor#Fourth grade
SBAC_ELA,5,uri://ed-fi.org/GradeLevelDescriptor#Fifth grade
SBAC_ELA,6,uri://ed-fi.org/GradeLevelDescriptor#Sixth grade
SBAC_ELA,7,uri://ed-fi.org/GradeLevelDescriptor#Seventh grade
SBAC_ELA,8,uri://ed-fi.org/GradeLevelDescriptor#Eighth grade
SBAC_ELA,9,uri://ed-fi.org/GradeLevelDescriptor#Ninth grade
SBAC_ELA,10,uri://ed-fi.org/GradeLevelDescriptor#Tenth grade
SBAC_ELA,11,uri://ed-fi.org/GradeLevelDescriptor#Eleventh grade
SBAC_ELA,12,uri://ed-fi.org/GradeLevelDescriptor#Twelfth grade
SBAC_MATH,3,uri://ed-fi.org/GradeLevelDescriptor#Third grade
SBAC_MATH,4,uri://ed-fi.org/GradeLevelDescriptor#Fourth grade
SBAC_MATH,5,uri://ed-fi.org/GradeLevelDescriptor#Fifth grade
SBAC_MATH,6,uri://ed-fi.org/GradeLevelDescriptor#Sixth grade
SBAC_MATH,7,uri://ed-fi.org/GradeLevelDescriptor#Seventh grade
SBAC_MATH,8,uri://ed-fi.org/GradeLevelDescriptor#Eighth grade
SBAC_MATH,9,uri://ed-fi.org/GradeLevelDescriptor#Ninth grade
SBAC_MATH,10,uri://ed-fi.org/GradeLevelDescriptor#Tenth grade
SBAC_MATH,11,uri://ed-fi.org/GradeLevelDescriptor#Eleventh grade
SBAC_MATH,12,uri://ed-fi.org/GradeLevelDescriptor#Twelfth grade